{
 "center": {
  "mpnet": {
   "subj01": {
    "early": 0.10739995448291302,
    "ventral": 0.3259150069504976,
    "lateral": 0.24672494234144687,
    "parietal": 0.16346974536776543
   },
   "subj02": {
    "early": 0.10288801563344896,
    "ventral": 0.3230247689634561,
    "lateral": 0.26407050950825217,
    "parietal": 0.18752042637020347
   },
   "subj03": {
    "early": 0.08435796786159758,
    "ventral": 0.3318247326439427,
    "lateral": 0.22220052468680565,
    "parietal": 0.14403414841621154
   },
   "subj04": {
    "early": 0.10782930865469906,
    "ventral": 0.29492841865177505,
    "lateral": 0.2178575779000918,
    "parietal": 0.12285790296478402
   },
   "subj05": {
    "early": 0.12170140396431088,
    "ventral": 0.3671321364045143,
    "lateral": 0.28731077452003956,
    "parietal": 0.2045516422763467
   },
   "subj06": {
    "early": 0.1516928003079468,
    "ventral": 0.2892903635578771,
    "lateral": 0.16360713166575278,
    "parietal": 0.14850546346316415
   },
   "subj07": {
    "early": 0.06484850428812207,
    "ventral": 0.27404759588837624,
    "lateral": 0.24707933124899864,
    "parietal": 0.1323567836806178
   },
   "subj08": {
    "early": 0.10236520066305443,
    "ventral": 0.27516912290895423,
    "lateral": 0.12338224089945911,
    "parietal": 0.07901107987423461
   }
  },
  "multihot": {
   "subj01": {
    "early": 0.10615160785242914,
    "ventral": 0.27196318946778775,
    "lateral": 0.19099376390874387,
    "parietal": 0.1423489146120846
   },
   "subj02": {
    "early": 0.09800708818435669,
    "ventral": 0.2796413824260235,
    "lateral": 0.20889005374908448,
    "parietal": 0.16547630828619003
   },
   "subj03": {
    "early": 0.08221791106306256,
    "ventral": 0.27414566658196904,
    "lateral": 0.17303199292190613,
    "parietal": 0.13031992936927467
   },
   "subj04": {
    "early": 0.10251367626780712,
    "ventral": 0.24430004443835332,
    "lateral": 0.161196021059597,
    "parietal": 0.10244351564044203
   },
   "subj05": {
    "early": 0.1141873448751867,
    "ventral": 0.2971293676197529,
    "lateral": 0.2161259704232216,
    "parietal": 0.18005506113916636
   },
   "subj06": {
    "early": 0.14195480799723054,
    "ventral": 0.24425341109594992,
    "lateral": 0.12672315165400505,
    "parietal": 0.13224399473157622
   },
   "subj07": {
    "early": 0.06421170713379978,
    "ventral": 0.2302132201194763,
    "lateral": 0.1981766913607717,
    "parietal": 0.10784910675510764
   },
   "subj08": {
    "early": 0.100434631233414,
    "ventral": 0.22112639400142214,
    "lateral": 0.09901991786642209,
    "parietal": 0.07041222848412064
   }
  },
  "llm_embedding": {
   "subj01": {
    "early": 0.08705304956063628,
    "ventral": 0.27103406459093093,
    "lateral": 0.21113330215215684,
    "parietal": 0.1553051245212555
   },
   "subj02": {
    "early": 0.08977353794500231,
    "ventral": 0.2623203033208847,
    "lateral": 0.22411426529288292,
    "parietal": 0.1640785603225231
   },
   "subj03": {
    "early": 0.06939927043934022,
    "ventral": 0.267038754397823,
    "lateral": 0.18619142616948775,
    "parietal": 0.13055118521855724
   },
   "subj04": {
    "early": 0.08256203322498887,
    "ventral": 0.2361200338712445,
    "lateral": 0.19253338169720438,
    "parietal": 0.11446968438448729
   },
   "subj05": {
    "early": 0.10050025114789606,
    "ventral": 0.30665780246257784,
    "lateral": 0.24793340876698494,
    "parietal": 0.1783015951514244
   },
   "subj06": {
    "early": 0.12068223280291404,
    "ventral": 0.2376378512670917,
    "lateral": 0.14028452048378606,
    "parietal": 0.13837023944624008
   },
   "subj07": {
    "early": 0.05244607986882329,
    "ventral": 0.22946710303425788,
    "lateral": 0.2265414947271347,
    "parietal": 0.12684895411133768
   },
   "subj08": {
    "early": 0.08237136396820899,
    "ventral": 0.2155279441288224,
    "lateral": 0.10005870447666557,
    "parietal": 0.06853248787336741
   }
  },
  "noise_ceilings": {
   "early": {
    "subj01": 0.6045507788658142,
    "subj02": 0.5864468812942505,
    "subj03": 0.5240504741668701,
    "subj04": 0.5841929912567139,
    "subj05": 0.5049972534179688,
    "subj06": 0.5006561279296875,
    "subj07": 0.44116055965423584,
    "subj08": 0.4737122058868408
   },
   "ventral": {
    "subj01": 0.7550210952758789,
    "subj02": 0.7940225005149841,
    "subj03": 0.756750226020813,
    "subj04": 0.7242348790168762,
    "subj05": 0.801493763923645,
    "subj06": 0.6643387675285339,
    "subj07": 0.657883882522583,
    "subj08": 0.6303170919418335
   },
   "lateral": {
    "subj01": 0.5431817770004272,
    "subj02": 0.5812320709228516,
    "subj03": 0.4708389639854431,
    "subj04": 0.5202599167823792,
    "subj05": 0.5907084941864014,
    "subj06": 0.3546365201473236,
    "subj07": 0.48386508226394653,
    "subj08": 0.2472103387117386
   },
   "parietal": {
    "subj01": 0.44498002529144287,
    "subj02": 0.4648600220680237,
    "subj03": 0.3639240860939026,
    "subj04": 0.3308440148830414,
    "subj05": 0.5304174423217773,
    "subj06": 0.36059948801994324,
    "subj07": 0.3185732662677765,
    "subj08": 0.200628861784935
   }
  },
  "corrected": {
   "early": {
    "subj01": {
     "mpnet": 0.1776524954353776,
     "multihot": 0.17558757934540764,
     "llm_embedding": 0.14399625739289393
    },
    "subj02": {
     "mpnet": 0.17544302632555867,
     "multihot": 0.16712014559283078,
     "llm_embedding": 0.15308042519874587
    },
    "subj03": {
     "mpnet": 0.1609729826038398,
     "multihot": 0.15688929810391208,
     "llm_embedding": 0.13242859964905182
    },
    "subj04": {
     "mpnet": 0.18457823059933848,
     "multihot": 0.17547912727826478,
     "llm_embedding": 0.14132664112827117
    },
    "subj05": {
     "mpnet": 0.24099418985073734,
     "multihot": 0.22611478399601864,
     "llm_embedding": 0.19901148069158997
    },
    "subj06": {
     "mpnet": 0.3029880028338545,
     "multihot": 0.283537542193365,
     "llm_embedding": 0.24104814876022598
    },
    "subj07": {
     "mpnet": 0.1469952444047758,
     "multihot": 0.14555178546361075,
     "llm_embedding": 0.11888206849208925
    },
    "subj08": {
     "mpnet": 0.21609154121628688,
     "multihot": 0.21201613550444504,
     "llm_embedding": 0.17388482488856463
    }
   },
   "ventral": {
    "subj01": {
     "mpnet": 0.43166344488879577,
     "multihot": 0.3602060805578081,
     "llm_embedding": 0.35897548596559037
    },
    "subj02": {
     "mpnet": 0.40682067416723067,
     "multihot": 0.3521831966281242,
     "llm_embedding": 0.33036885371730645
    },
    "subj03": {
     "mpnet": 0.43848646651717876,
     "multihot": 0.36226704288348527,
     "llm_embedding": 0.3528756850222316
    },
    "subj04": {
     "mpnet": 0.4072275820961981,
     "multihot": 0.33732156723794104,
     "llm_embedding": 0.32602687430874533
    },
    "subj05": {
     "mpnet": 0.4580598788532676,
     "multihot": 0.3707195002555992,
     "llm_embedding": 0.38260784583196317
    },
    "subj06": {
     "mpnet": 0.43545609212915876,
     "multihot": 0.3676639435097531,
     "llm_embedding": 0.35770583154607927
    },
    "subj07": {
     "mpnet": 0.41655921837995336,
     "multihot": 0.34992986792251113,
     "llm_embedding": 0.3487957512416806
    },
    "subj08": {
     "mpnet": 0.4365566576359748,
     "multihot": 0.3508177024363921,
     "llm_embedding": 0.34193574453905434
    }
   },
   "lateral": {
    "subj01": {
     "mpnet": 0.4542216856094066,
     "multihot": 0.35162034515122115,
     "llm_embedding": 0.38869732213419
    },
    "subj02": {
     "mpnet": 0.4543288691709218,
     "multihot": 0.3593918233338693,
     "llm_embedding": 0.38558482317922577
    },
    "subj03": {
     "mpnet": 0.4719246742155252,
     "multihot": 0.3674971830225498,
     "llm_embedding": 0.3954460875401217
    },
    "subj04": {
     "mpnet": 0.41874757380399924,
     "multihot": 0.30983747903651027,
     "llm_embedding": 0.37007152672447696
    },