{
 "center": {
  "mpnet": {
   "subj01": {
    "early": 0.10766588158905506,
    "ventral": 0.3350228980183602,
    "lateral": 0.2558128017683824,
    "parietal": 0.1661527831107378
   },
   "subj02": {
    "early": 0.10206923647473255,
    "ventral": 0.3303678933282694,
    "lateral": 0.2749389508366585,
    "parietal": 0.19117197747031847
   },
   "subj03": {
    "early": 0.08478332400041562,
    "ventral": 0.34405227325936805,
    "lateral": 0.23073680786996761,
    "parietal": 0.14700481475841612
   },
   "subj04": {
    "early": 0.10809818556371294,
    "ventral": 0.30570013306023164,
    "lateral": 0.22699029292957285,
    "parietal": 0.12638675575547012
   },
   "subj05": {
    "early": 0.12366211087753376,
    "ventral": 0.3808051307002704,
    "lateral": 0.30080784708261493,
    "parietal": 0.2080973994731903
   },
   "subj06": {
    "early": 0.15391332824384013,
    "ventral": 0.29647433918009525,
    "lateral": 0.16980765355370378,
    "parietal": 0.149033266890754
   },
   "subj07": {
    "early": 0.06495729002480706,
    "ventral": 0.2809414081275463,
    "lateral": 0.2547432709236939,
    "parietal": 0.13409854412078856
   },
   "subj08": {
    "early": 0.10306728500182982,
    "ventral": 0.2837613721688588,
    "lateral": 0.1286150802064825,
    "parietal": 0.07930043513346234
   }
  },
  "multihot": {
   "subj01": {
    "early": 0.10650454614311457,
    "ventral": 0.2711823125183582,
    "lateral": 0.1898802588383357,
    "parietal": 0.14343081186215081
   },
   "subj02": {
    "early": 0.09842023808509111,
    "ventral": 0.27758292635281884,
    "lateral": 0.2067911555369695,
    "parietal": 0.1644215967754523
   },
   "subj03": {
    "early": 0.08246384858484229,
    "ventral": 0.2715260338398718,
    "lateral": 0.1712281115112766,
    "parietal": 0.1296339812938885
   },
   "subj04": {
    "early": 0.10294950502798145,
    "ventral": 0.24321017322348962,
    "lateral": 0.1589480970100856,
    "parietal": 0.10262201717238367
   },
   "subj05": {
    "early": 0.11438303790986537,
    "ventral": 0.29497821206847824,
    "lateral": 0.21334839195013044,
    "parietal": 0.17944721358517804
   },
   "subj06": {
    "early": 0.1423977197258062,
    "ventral": 0.24281914155649884,
    "lateral": 0.12637391197745518,
    "parietal": 0.1330006160643152
   },
   "subj07": {
    "early": 0.0642746531094114,
    "ventral": 0.22843560596307122,
    "lateral": 0.19556600662569204,
    "parietal": 0.10710788153111934
   },
   "subj08": {
    "early": 0.10012376869534269,
    "ventral": 0.21869259530011517,
    "lateral": 0.09945578020020031,
    "parietal": 0.06989448803856418
   }
  },
  "llm_embedding": {
   "subj01": {
    "early": 0.08705304956063628,
    "ventral": 0.27103406459093093,
    "lateral": 0.21113330215215684,
    "parietal": 0.1553051245212555
   },
   "subj02": {
    "early": 0.08977353794500231,
    "ventral": 0.2623203033208847,
    "lateral": 0.22411426529288292,
    "parietal": 0.1640785603225231
   },
   "subj03": {
    "early": 0.06939927043934022,
    "ventral": 0.267038754397823,
    "lateral": 0.18619142616948775,
    "parietal": 0.13055118521855724
   },
   "subj04": {
    "early": 0.08256203322498887,
    "ventral": 0.2361200338712445,
    "lateral": 0.19253338169720438,
    "parietal": 0.11446968438448729
   },
   "subj05": {
    "early": 0.10050025114789606,
    "ventral": 0.30665780246257784,
    "lateral": 0.24793340876698494,
    "parietal": 0.1783015951514244
   },
   "subj06": {
    "early": 0.12068223280291404,
    "ventral": 0.2376378512670917,
    "lateral": 0.14028452048378606,
    "parietal": 0.13837023944624008
   },
   "subj07": {
    "early": 0.05244607986882329,
    "ventral": 0.22946710303425788,
    "lateral": 0.2265414947271347,
    "parietal": 0.12684895411133768
   },
   "subj08": {
    "early": 0.08237136396820899,
    "ventral": 0.2155279441288224,
    "lateral": 0.10005870447666557,
    "parietal": 0.06853248787336741
   }
  }
 }
}